Produto,Total_Vendas
Score PF,191380.50999999998
Biometria,106327.01000000001
Monitoramento,83256.27530612245
Cadastro Positivo,83034.20000000001
Recuperação,64323.61
Autenticação,59149.84
Score PJ,51571.45
Consulta CPF,34822.380000000005
